320774:68:-,321032:70:+,321042:57:+,321078:27:-,321105:146:+,321161:135:+,ID_GQ
0,0,0,0,0,0,S_21_00402
1,1,2,1,1,1,S_21_00403
0,0,0,0,0,1,S_21_00404
NA,NA,NA,0,0,NA,S_21_00405
0,0,0,0,0,0,S_21_00406
0,0,NA,0,0,1,S_21_00407
0,0,0,0,NA,NA,S_21_00408
1,1,1,1,1,2,S_21_00409
0,1,1,0,0,1,S_21_00412
0,0,0,0,0,1,S_21_00413
1,1,1,0,1,2,S_21_00414
1,1,1,1,1,1,S_21_00415
0,1,1,0,0,0,S_21_00419
0,0,0,0,1,0,S_21_00420
0,2,2,0,1,2,S_21_00422
0,2,0,0,0,2,S_21_00426
0,1,0,0,0,0,S_21_00427
1,2,1,1,1,1,S_21_00428
NA,NA,NA,0,0,0,S_21_00430
NA,1,0,NA,0,0,S_21_00431
1,1,1,0,NA,1,S_21_00451
2,1,1,NA,0,1,S_21_00452
1,1,1,1,1,2,S_21_00453
NA,1,1,1,1,1,S_21_00456
0,1,1,0,1,1,S_21_00457
1,2,1,1,1,1,S_21_00458
1,1,NA,0,1,1,S_21_00459
0,2,2,1,1,1,S_21_00460
1,2,NA,1,1,2,S_21_00461
0,0,1,0,0,0,S_21_00462
1,1,1,1,1,2,S_21_00463
0,2,1,0,0,0,S_21_00464
1,1,1,0,1,1,S_21_00465
0,1,NA,0,0,1,S_21_00466
0,2,1,1,1,1,S_21_00471
1,1,1,0,1,1,S_21_00472
1,2,1,0,1,1,S_21_00475
0,1,1,0,0,0,S_21_00476
NA,NA,0,0,0,0,S_21_04913
0,0,0,0,0,1,S_21_04923
0,0,0,0,0,1,S_21_04933
1,1,1,1,1,1,S_21_04934
0,2,1,1,1,1,S_21_04939
1,1,1,0,1,1,S_21_04948
1,1,1,1,1,1,S_21_05006
0,2,1,0,1,2,S_21_05011
1,1,1,1,1,1,S_21_05018
NA,0,0,0,0,0,S_21_05020
1,1,1,1,1,1,S_21_05022
2,2,1,1,1,2,S_21_05024
0,1,0,0,0,0,S_21_05025
1,2,2,0,0,0,S_21_05273
0,1,1,0,1,2,S_21_05303
1,2,1,1,1,1,S_21_05428
0,NA,1,0,0,1,S_21_05472
0,2,1,0,0,0,S_21_05477
0,1,1,0,1,2,S_21_05479
1,1,1,0,1,1,S_21_05485
1,1,1,0,0,1,S_21_05489
0,0,0,0,0,0,S_21_05500
0,1,0,0,0,1,S_21_05509
1,1,1,1,1,2,S_21_05521
1,2,2,1,1,1,S_21_05524
1,1,1,1,1,1,S_21_05527
0,2,2,0,0,0,S_21_05532
1,2,1,1,1,1,S_21_05534
0,1,0,0,0,1,S_21_05538
0,0,0,0,0,2,S_21_06000
1,0,1,0,NA,1,S_21_06001
1,1,1,0,1,1,S_21_06002
1,1,1,0,1,2,S_21_06003
0,0,0,0,0,0,S_21_06004
0,NA,0,NA,NA,1,S_21_06005
0,2,2,1,1,1,S_21_06006
0,0,0,0,0,0,S_21_06007
1,1,1,0,1,2,S_21_06008
1,1,1,1,1,2,S_21_06009
1,1,1,1,1,1,S_21_06010
NA,NA,NA,NA,NA,2,S_21_06011
1,1,1,0,1,1,S_21_06012
0,1,1,1,1,1,S_21_06013
0,1,1,1,1,2,S_21_06014
0,1,1,0,0,1,S_21_06015
0,0,0,0,0,2,S_21_06016
0,0,0,0,0,0,S_21_06017
NA,NA,NA,NA,1,2,S_21_06018
NA,1,NA,NA,NA,0,S_21_06019
1,1,1,1,1,2,S_21_06020
0,1,0,0,0,0,S_21_06021
1,1,0,0,1,1,S_21_06022
0,1,0,0,0,0,S_21_06023
0,0,0,0,0,0,S_21_06024
1,1,1,1,2,1,S_21_06025
1,1,1,1,1,2,S_21_06026
2,1,1,1,1,2,S_21_06027
2,1,1,1,1,1,S_21_06028
2,1,1,1,1,0,S_21_06029
1,1,1,1,1,1,S_21_06030
NA,1,1,0,1,NA,S_21_06031
1,NA,NA,NA,NA,NA,S_21_06032
1,1,1,1,1,1,S_21_06033
0,1,0,0,0,2,S_21_06034
NA,NA,NA,NA,NA,NA,S_21_06035
0,2,0,0,0,0,S_21_06036
0,0,0,0,0,0,S_21_06037
1,1,1,1,1,2,S_21_06038
1,1,1,0,1,1,S_21_06039
1,1,1,1,NA,1,S_21_06040
1,1,1,1,1,1,S_21_06041
0,0,NA,0,0,0,S_21_06042
0,1,1,0,0,1,S_21_06043
0,2,1,0,0,1,S_21_06044
0,2,0,0,0,0,S_21_06045
2,2,NA,NA,NA,1,S_21_06046
0,0,0,0,0,1,S_21_06047
1,1,1,NA,1,1,S_21_06048
1,2,1,1,1,1,S_21_06049
0,1,0,0,0,1,S_21_06050
NA,1,0,0,1,0,S_21_06051
0,0,1,0,0,1,S_21_06052
1,1,1,1,1,1,S_21_06053
0,0,0,0,0,0,S_21_06054
0,1,1,0,0,1,S_21_06055
0,0,0,0,0,0,S_21_06056
1,1,1,1,1,1,S_21_06057
0,0,0,0,0,0,S_21_06058
NA,NA,0,NA,NA,NA,S_21_06059
0,0,0,0,0,0,S_21_06060
0,0,1,0,0,0,S_21_06061
1,1,1,1,1,1,S_21_06062
1,1,1,1,1,1,S_21_06063
0,0,0,0,0,0,S_21_06064
0,1,1,0,0,0,S_21_06065
1,0,0,1,NA,NA,S_21_06066
1,1,1,0,1,1,S_21_06067
1,NA,2,NA,NA,1,S_21_06068
0,1,0,0,0,1,S_21_06069
1,2,2,1,0,0,S_21_06070
0,0,0,0,0,1,S_21_06071
