"","baseMean","log2FoldChange","lfcSE","stat","pvalue","padj","test"
"SEFA.104",559.659152292021,0.610364595602521,0.208235123869402,2.93113181033436,0.00337729448680427,0.0356151054972087,"sampling"
"SEFA.270",26.2808104508187,0.51124817967682,0.108457811363806,4.71379768085042,2.43142087046106e-06,0.000310658063680938,"sampling"
"SEFA.360",8.00462328214589,0.716161561714173,0.204543725620371,3.50126389622605,0.000463057069924701,0.0102958666543661,"sampling"
"SEFA.367",5.28677876619814,1.41911689871206,0.346723657528165,4.09293357375472,4.25949773259874e-05,0.0022285894368303,"sampling"
"SEFA.509",2.06762331967462,-0.936330676994599,0.304378741954866,-3.07620259871315,0.00209655335916816,0.0263857450598522,"sampling"
"SEFA.770",88.2341725624249,0.762954302204257,0.152293471113416,5.00976369260155,5.44969094138406e-07,0.000101087607847249,"sampling"
"SEFA.884",7.95401025125695,0.6307693003721,0.144538223097347,4.36403109748537,1.27687414019758e-05,0.000970424346550161,"sampling"
"SEFA.916",143.409838181821,0.50103013234708,0.158709973517913,3.15689128566662,0.00159460785267431,0.0221212633031892,"sampling"
"SEFA.1171",8.6202690731042,-0.575956246302507,0.170262037287811,-3.38276374156683,0.000717603370002997,0.013276791836194,"sampling"
"SEFA.1225",15.6232448714552,0.587624963037459,0.131588976324911,4.46560935003046,7.98411792052014e-06,0.000714598818145234,"sampling"
"SEFA.1397",4.6027922987903,1.20073201834941,0.338581265871337,3.54636283628788,0.000390588015674468,0.00931914464461735,"sampling"
"SEFA.1425",47.3084141651579,-0.580415637971756,0.171029781389182,-3.39365245781965,0.00068967157399692,0.0129227302791856,"sampling"
"SEFA.1486",4.04778635401711,1.74209233864182,0.456654513490858,3.8149022667586,0.000136236841582368,0.0048724705695341,"sampling"
"SEFA.1913",14.7040891051043,1.46358752911819,0.455120014980916,3.21582765192069,0.00130068920730824,0.0194188497471491,"sampling"
"SEFA.1919",27.3101251848563,0.869639956079765,0.221882313174348,3.91937484172715,8.87789490673635e-05,0.00367646929408014,"sampling"
"SEFA.2443",4.63165368824858,0.972502126606168,0.346074334142399,2.81009607088058,0.00495267137652585,0.0449797813542263,"sampling"
"SEFA.2446",1.41107197202822,1.50947369183716,0.414067082630645,3.64548102265749,0.000266892110950028,0.00740390134868528,"sampling"
"SEFA.2585",84.4319938846697,-0.504022552350172,0.1051883156605,-4.79162109579668,1.65439118630389e-06,0.00023715630403992,"sampling"
"SEFA.2772",99.0854499083045,0.715404312831681,0.180994763021602,3.95262437922746,7.7298726814895e-05,0.003397435737428,"sampling"
"SEFA.2924",4.31586356303411,0.797220606213301,0.267598140368064,2.97917095057826,0.00289029476315899,0.0323155848218258,"sampling"
"SEFA.3050",17.8448856495102,-0.514616115724976,0.159088991642514,-3.23476885742893,0.00121741242433455,0.0187106520219635,"sampling"
"SEFA.3329",12.1233859032501,0.784628018366457,0.222159293960999,3.53182621522106,0.000412700479519761,0.00959155911022326,"sampling"
"SEFA.3378",3.5229973671802,-0.565637469181115,0.204591027988769,-2.76472274831213,0.00569711953421815,0.0492651356681385,"sampling"
"SEFA.3408",10.161367249644,0.568445882562139,0.194611443689551,2.92092731951025,0.00348991232537731,0.0362921118507896,"sampling"
"SEFA.3480",16.4720425957431,-0.806675335203352,0.236989735854352,-3.40384081316971,0.00066445464255311,0.0126246382085091,"sampling"
"SEFA.3492",14.6304395386091,0.528657947598785,0.146917525648403,3.59833141257734,0.000320265348522263,0.00823165980341771,"sampling"
"SEFA.3586",1.77498314600148,-1.35099500893889,0.425286665988328,-3.17666909635951,0.00148976911716861,0.0211222074944983,"sampling"
"SEFA.3945",25.2784848801147,0.584189464280348,0.175207641216559,3.33426932880331,0.000855238033730524,0.0149896192949668,"sampling"
"SEFA.4236",6.96996080496206,1.14884968252536,0.29057559776993,3.95370324054185,7.69508411045718e-05,0.00339199307588952,"sampling"
"SEFA.4325",6.95546280829998,1.03175933081123,0.277394793568317,3.71946177337724,0.000199647759116685,0.00632875777125582,"sampling"
"SEFA.4492",9.77640657861609,0.817628596786542,0.220228051566221,3.71264510116545,0.000205104400990149,0.00639865271883098,"sampling"
"SEFA.4770",5.96201306571851,-0.652542787728136,0.177968384793274,-3.6666219592099,0.000245775726809064,0.00705784627866028,"sampling"
"SEFA.4810",7.50992870196279,0.607334826061783,0.216138675039521,2.80993129041219,0.00495520774749183,0.0449797813542263,"sampling"
"SEFA.5064",12.1660529590054,1.70635424826966,0.56651219700968,3.01203444034676,0.00259503153712376,0.0299056183415465,"sampling"
"SEFA.5153",7.01135351524331,-0.658326457226939,0.166027188732304,-3.96517258560825,7.33428616522367e-05,0.00326834814100028,"sampling"
"SEFA.5182",17.1130415429461,2.10111208836643,0.470506966405563,4.46563438670817,7.98318420507584e-06,0.000714598818145234,"sampling"
"SEFA.5245",2.10249175158524,1.12426378369051,0.326892656111934,3.43924454303295,0.000583340037043448,0.0116115763377993,"sampling"
"SEFA.5260",3.78224820308985,0.589090466356892,0.178672415852596,3.29704203945442,0.000977088750451351,0.0163323143122581,"sampling"
"SEFA.5411",20.829076252795,0.970137302906348,0.323841473176847,2.99571668010714,0.00273800697427218,0.0310104735167712,"sampling"
"SEFA.5492",13.7799889973025,0.561195917299572,0.144401426764728,3.88635991951743,0.000101758601536095,0.00402288713516689,"sampling"
"SEFA.5499",49.1965010097682,1.94505169156378,0.429838901697916,4.52507133226097,6.03751385421712e-06,0.000578615908677627,"sampling"
"SEFA.5510",15.1817123598387,0.526045848924144,0.149442334780336,3.52005908966408,0.00043145066719476,0.00987965995321818,"sampling"
"SEFA.5770",6.76113986465253,1.1385521425396,0.296788094082792,3.8362460126921,0.000124929267922405,0.00458610945181006,"sampling"
"SEFA.6019",5.92776512137612,0.716239179425357,0.250272294940807,2.8618396598583,0.00421189926460676,0.0404709579474367,"sampling"
"SEFA.6040",9.38620730010053,-0.543627087172914,0.151883569580728,-3.5792356518456,0.000344600628448329,0.00863025073542319,"sampling"
"SEFA.6048",27.8950762812647,0.82199135347265,0.226735695165063,3.62532839337115,0.000288594486039232,0.00782845842745191,"sampling"
"SEFA.6161",22.8524676790458,0.567820694289228,0.181030716653258,3.13659861037185,0.00170919948362443,0.0230931841343033,"sampling"
"SEFA.6250",1522.86994505193,1.41130291341964,0.222912698342878,6.33119119687302,2.43275657540465e-10,2.95074708769507e-07,"sampling"
"SEFA.6332",26.8608366546343,0.581413596150256,0.162456964305926,3.57887763466628,0.000345072979155703,0.00863025073542319,"sampling"
"SEFA.6423",2.30803961771677,1.60502481145222,0.572398415650511,2.80403433616805,0.00504675301935643,0.0455581731957828,"sampling"
"SEFA.6738",6.65071460837038,-0.541919583817987,0.160521358810645,-3.3759967385851,0.000735487910896918,0.0135225472835604,"sampling"
"SEFA.6990",82.5413875179351,-1.20525709499656,0.321303659856545,-3.75114648720366,0.000176027813201939,0.00585608000448412,"sampling"
"SEFA.7071",1424.06053868295,1.51009251585477,0.222824934582383,6.77703560728057,1.2266666394257e-11,3.60476436439233e-08,"sampling"
"SEFA.7183",120.836023431475,0.542406760159887,0.138246532123429,3.92347462051066,8.72809637978522e-05,0.00366006733951385,"sampling"
"SEFA.7505",42.7231313600797,0.529588620369687,0.164449585697388,3.22037065720682,0.0012802494960641,0.0193099735796426,"sampling"
"SEFA.7813",7.4380621619128,0.568073239302913,0.202692744837,2.80263232786029,0.00506874177723262,0.0456445633381846,"sampling"
"SEFA.7956",8.84665644892537,-0.673252415088083,0.239669054681946,-2.80909196217061,0.0049681452843513,0.0450377057345409,"sampling"
"SEFA.8435",7.20012418960279,0.808515056928793,0.278575099399466,2.9023234979427,0.00370405821613221,0.0376426250529355,"sampling"
"SEFA.8436",2.25108361587651,1.34778108585094,0.486203429294849,2.77205178870427,0.00557041734081243,0.0486225735411905,"sampling"
"SEFA.8698",64.0033205003375,-0.528776318281465,0.123074634263507,-4.29638748427507,1.73604020256227e-05,0.00120511263195189,"sampling"
"SEFA.8752",4.77421469666277,0.574269031259992,0.197951984381477,2.90105215693775,0.00371911969709248,0.0377037596327138,"sampling"
"SEFA.8764",30.5555244525446,1.3684296823576,0.465629084868711,2.93888360247824,0.00329396754455922,0.0350508362979288,"sampling"
"SEFA.8990",19.4036017597708,-0.516226899677183,0.117973280946491,-4.37579505745312,1.20990654006848e-05,0.000948136538421666,"sampling"
"SEFA.9479",4.48864173365927,-0.599236798530006,0.182450917548872,-3.284372622404,0.00102209688650564,0.01674871031865,"sampling"
"SEFA.9543",140.721970117877,-0.504184352877193,0.0935912957908147,-5.38708593162437,7.16092023854342e-08,2.25466688653567e-05,"sampling"
"SEFA.9546",44.242182166434,0.826360100541259,0.156848145456384,5.26853599790284,1.37516077672981e-07,3.75557067707764e-05,"sampling"
"SEFA.9620",13.746014021669,-1.00539371365191,0.330795855760516,-3.03931774278265,0.0023711462509166,0.0284222901222005,"sampling"
"SEFA.9822",6789.13134064245,-0.554642219350638,0.166819793372917,-3.32479862333102,0.000884824196266992,0.0153404328697931,"sampling"
"SEFA.10004",3.46514672256569,0.613673854556102,0.218868121305774,2.80385215944151,0.00504960535170995,0.0455581731957828,"sampling"
"SEFA.10102",6.85328645539507,0.521274994104545,0.164054350603528,3.17745303423447,0.00148574751589538,0.0210923512079447,"sampling"
"SEFA.10275",34.942503772177,-0.932381183059716,0.267381571986495,-3.48708093879711,0.00048832354686699,0.0105001472906814,"sampling"
"SEFA.10645",296.360563694712,0.627688400426815,0.121912357828183,5.14868559355934,2.62318151946856e-07,5.7814920689087e-05,"sampling"
"SEFA.10677",414.143781423076,-0.54644169366457,0.128140213929573,-4.26440441222377,2.00436126920994e-05,0.00131378802597434,"sampling"
"SEFA.10898",3.15888986065473,-0.799974115749069,0.260122520401973,-3.07537430635707,0.00210238522953152,0.0264233046865995,"sampling"
"SEFA.10933",27.307245624691,0.541130908830425,0.195910293341778,2.76213617773716,0.00574245218196847,0.0495114507933829,"sampling"
"SEFA.10965",2142.78660315311,0.588491657618294,0.188496212846171,3.12203438325073,0.00179605961081766,0.0237570315513406,"sampling"
"SEFA.11046",5.99175973544037,-0.566905835080146,0.173071897371017,-3.27555104954365,0.00105456053407899,0.0169344365545363,"sampling"
"SEFA.11098",5.88659095176592,0.593294657227707,0.187690275689597,3.16103034665951,0.00157212118545449,0.0219648500332278,"sampling"
"SEFA.11151",8.7334529528656,0.684098343228815,0.22417158910036,3.05167280998552,0.00227570011211436,0.0276725133633107,"sampling"
"SEFA.11299",13.6065050522693,0.581425507445658,0.149858499259451,3.87983004179852,0.000104529478437704,0.00407221498248045,"sampling"
"SEFA.11411",21.7745516004397,0.516685872176083,0.153793140935389,3.35961583873985,0.000780509222392684,0.0139814332332457,"sampling"
"SEFA.11600",7.01877520208,1.06272544335813,0.290662386136644,3.65621935979888,0.000255962345423219,0.00722100491920352,"sampling"
"SEFA.11635",3.11101608193011,-0.834799206859084,0.240711602938954,-3.46804722608571,0.000524255147924323,0.0108463828254294,"sampling"
"SEFA.11662",2381.62010301756,0.51316081870766,0.115565266340002,4.44044162194806,8.9774456447927e-06,0.000772147910287732,"sampling"
"SEFA.11685",14.9159461193485,-0.656826305811595,0.183595699462341,-3.57756912463151,0.000346804521609325,0.00864902026169111,"sampling"
"SEFA.11792",6.67883386819269,0.621152415415253,0.138177253616259,4.49533044809456,6.94619890313034e-06,0.000644607258210495,"sampling"
"SEFA.11861",414.13628940615,0.520119803814303,0.0904799577143145,5.74845321498218,9.00635587481319e-09,5.12258279950665e-06,"sampling"
"SEFA.12024",24.0805983020531,0.582280748522996,0.152746400001712,3.81207510302352,0.000137804988252201,0.0049039879574752,"sampling"
"SEFA.12127",3.78525546697505,0.549971902650747,0.173133547919069,3.17657617059769,0.00149024649065085,0.0211222074944983,"sampling"
"SEFA.12128",3.79996842207318,0.534614376091381,0.173269198346637,3.08545535613229,0.00203240732745944,0.0258180158485338,"sampling"
"SEFA.12158",5609.83854566561,0.524617771906279,0.0910001875354204,5.76501857979226,8.16488458340683e-09,4.79877483248764e-06,"sampling"
"SEFA.12354",22.9882084745622,-0.507294753304996,0.107015258267425,-4.74039647726958,2.13300414545322e-06,0.000287092588493368,"sampling"
"SEFA.12732",48.739119822667,-0.502164383530623,0.156498735288144,-3.20874403621245,0.00133316119199342,0.0197035189750444,"sampling"
"SEFA.12739",5.46975023643694,-0.568120695583599,0.196489920402789,-2.89134778221191,0.00383593365556361,0.0385971411813245,"sampling"
"SEFA.12794",28.6210648075744,0.507746236938485,0.173887961727706,2.91996197950479,0.00350074092601299,0.03634194181648,"sampling"
"SEFA.12947",12.5328972828746,-0.892389474925763,0.311395830460551,-2.86577207410237,0.00415993635988656,0.0401686735473822,"sampling"
"SEFA.12981",63.3339285860032,0.663402359147843,0.166127717911833,3.99332734769716,6.5152523532989e-05,0.00302735282671397,"sampling"
"SEFA.13045",8.06115639442831,1.38160682857226,0.338549610633029,4.08095825598172,4.48504103417258e-05,0.00231228782206231,"sampling"
"SEFA.13168",3.0279898133274,0.923143952319952,0.323123021973467,2.85694267985571,0.00427743075880665,0.0408778640321295,"sampling"
"SEFA.13304",76.1064332850795,0.68370583912413,0.17186262502061,3.97821131291425,6.94356497055171e-05,0.00315538498867958,"sampling"
"SEFA.13342",44.3300996474039,-0.691925070063271,0.20391660253697,-3.39317672742133,0.000690870503108682,0.0129314529838772,"sampling"
"SEFA.13397",92.017763635724,0.514685678457585,0.0844148342767534,6.09709990983566,1.08010018176455e-09,9.06872685946314e-07,"sampling"
"SEFA.13500",6.60399265889263,0.556405811483986,0.194904205755606,2.85476554662794,0.00430686100594752,0.0410187493635885,"sampling"
"SEFA.13551",4.909097078875,0.545270115119069,0.195985104342448,2.7822018257383,0.0053991452540705,0.0475513132466389,"sampling"
"SEFA.13572",93.264853599075,-0.557997576564887,0.119410183484793,-4.67294798718695,2.96906976544199e-06,0.000349004254028487,"sampling"
"SEFA.13577",6.06219333029384,-0.603012010774247,0.201817952499994,-2.98790074571917,0.00280900762179215,0.0316273450749931,"sampling"
"SEFA.13619",6.65378950980686,0.753087393375455,0.238893369136175,3.15239973423531,0.00161934424361391,0.0223939432967847,"sampling"
"SEFA.13655",5.53684948448485,0.584741283017621,0.20932255568144,2.79349390281436,0.00521420119709671,0.0465738579063876,"sampling"
"SEFA.13779",11.7037117100992,-0.609648835455494,0.193029364086516,-3.15832173172496,0.00158680326609553,0.0220999330077381,"sampling"
"SEFA.13807",29.0314613536001,0.715969986633726,0.250131970741418,2.86236895072434,0.00420487109483752,0.0404475107169532,"sampling"
"SEFA.13824",7.6695689581874,0.622185929123099,0.220054334891824,2.82741955267074,0.00469248040167546,0.0435844784141666,"sampling"
"SEFA.13895",333.402721574288,1.14656806006118,0.309339688521852,3.7065016310708,0.000210141883519631,0.00651181316382799,"sampling"
"SEFA.13896",332.426105107183,1.15221402755389,0.318659651550128,3.61581399448882,0.000299405311988581,0.00793069901326184,"sampling"
"SEFA.14170",461.852376779905,-0.716055626348953,0.216572136524124,-3.30631464343148,0.00094531871050435,0.0159806898404724,"sampling"
"SEFA.14171",407.911163424154,-0.696783606198147,0.220075808748067,-3.16610721624471,0.00154493837700106,0.0216536990964091,"sampling"
"SEFA.14179",53.222697151536,-0.574757018224863,0.151408902731571,-3.79605827567376,0.000147014953739553,0.00511275673439014,"sampling"
"SEFA.14229",5.76926719027561,0.649557955571576,0.188571747167071,3.44461970220852,0.000571863361024675,0.0114580622518035,"sampling"
"SEFA.14578",30.1473436737944,-0.504044089831648,0.146710364769423,-3.43564062855293,0.00059115456550666,0.0116939002110742,"sampling"
"SEFA.14586",6.82188403854999,-0.55293800015133,0.184316520830541,-2.99993726910512,0.00270035214321697,0.0307574993470295,"sampling"
"SEFA.14793",4.50473488761059,-1.0423974501549,0.243664607817659,-4.27800105846702,1.88579124724175e-05,0.00125954760943319,"sampling"
"SEFA.14907",7.16443198405574,-0.663153428356839,0.221935129789085,-2.98805073801098,0.00280762940147362,0.0316273450749931,"sampling"
"SEFA.15066",94.6132501100908,-1.60634709310439,0.417995708084117,-3.84297508811055,0.000121551811066267,0.00452152222092916,"sampling"
"SEFA.15376",13.8739534961933,-0.775853775237123,0.231447761668702,-3.35217661922215,0.000801788501333123,0.0142224696735469,"sampling"
"SEFA.15579",8.35660990490445,0.737211550368399,0.253878571509696,2.9037958815687,0.00368668431026174,0.0375093004954039,"sampling"
"SEFA.15621",5.88296268332442,1.25308614799769,0.434898148560467,2.88133245024256,0.00395997712298466,0.0392922434622766,"sampling"
"SEFA.15646",16.1629576761147,0.615085783542812,0.2039737423354,3.01551452897996,0.00256543647741388,0.0297841342613373,"sampling"
"SEFA.15681",3.69231839805364,1.04726886815161,0.297258449935643,3.52309200420827,0.000426543262715195,0.00980924405412363,"sampling"
"SEFA.15701",368.884566400832,0.514461644997549,0.164926093801344,3.11934656996864,0.00181252630799089,0.0239210058851013,"sampling"
"SEFA.15703",86.3572623328558,0.684645884988014,0.17081750408113,4.00805461167984,6.12209653167706e-05,0.002901742098025,"sampling"
"SEFA.15912",27.0355122513216,0.516584317974426,0.153482723241059,3.36574897203956,0.00076336143135346,0.0138188796279509,"sampling"
"SEFA.15945",5.5417765000559,0.512278445006999,0.177216438020142,2.89069372305505,0.00384392537618708,0.0386188559731799,"sampling"
"SEFA.16116",37.7707623909055,0.553593636452962,0.181038960437351,3.05787016847423,0.00222916133019556,0.0273518250341045,"sampling"
"SEFA.16139",183.757667012258,0.748796201018372,0.19579229699006,3.82444157676125,0.00013106882066391,0.00475515523857213,"sampling"
"SEFA.16206",19.3715531097187,0.561542654470516,0.16245186374464,3.45667105028239,0.00054689199776602,0.0110964323413239,"sampling"
"SEFA.16221",8.29160562527975,1.26943950188313,0.356715842690833,3.55868551367751,0.000372715489280173,0.00906444069929381,"sampling"
"SEFA.16239",5.38321071963756,-0.670450788620817,0.182130179046494,-3.68116251864917,0.000232172951009409,0.00682283510851435,"sampling"
"SEFA.16240",2.94621894089974,-0.896652387617181,0.2669217699993,-3.35923288542381,0.000781591703555771,0.0139814332332457,"sampling"
"SEFA.16309",4.56029175773678,-0.637140894390734,0.217119754835389,-2.93451369670986,0.00334070808814249,0.0353773964024795,"sampling"
"SEFA.16433",33.1020493598624,-0.595423228653422,0.122339790875386,-4.86696294306987,1.13326267959195e-06,0.000178407924701476,"sampling"
"SEFA.16436",6.23150373400531,-0.905012522921058,0.295222518233418,-3.06552673670207,0.00217286949256128,0.0269993198681047,"sampling"
"SEFA.16532",13.7635873895114,0.847322052535841,0.270269668511997,3.13509857469718,0.00171796372924841,0.0231746633423717,"sampling"
"SEFA.16540",928.809774581023,0.819249476411858,0.289763191698379,2.82730691779731,0.00469413138092686,0.0435844784141666,"sampling"
"SEFA.16578",4000.61781240425,-0.550241412646427,0.157682346466682,-3.48955621841086,0.000483823279141758,0.0104410795735081,"sampling"
"SEFA.16608",84.7224678524765,-0.503645074515774,0.13358412628486,-3.77024642465214,0.00016308643444799,0.0055192706567888,"sampling"
"SEFA.16681",17.0032977814198,-0.542496593285198,0.161114864187881,-3.367141796753,0.000759516247755818,0.0137775622226652,"sampling"
"SEFA.16694",9.40179714048995,-0.653795179320612,0.153436923720345,-4.2610029155187,2.03511577979718e-05,0.00132900597886607,"sampling"
"SEFA.16778",18.8613604869907,1.98429202506963,0.564312614028552,3.51629925637145,0.000437607440957364,0.00996056636028548,"sampling"
"SEFA.16780",18.7350757023241,1.89523311980078,0.555217716947997,3.41349539459724,0.000641352425052285,0.0123318712742878,"sampling"
"SEFA.16800",75.5186024014043,-0.543749107236655,0.105968351116138,-5.13124061580165,2.87838674738774e-07,6.26564384320255e-05,"sampling"
"SEFA.16825",9.69917990029839,0.519425674256502,0.169683146184955,3.06115065600167,0.00220488121424606,0.0271863395591514,"sampling"
"SEFA.16859",72.9617809955056,0.501382345922942,0.0786578315764562,6.37422028899427,1.83896106923098e-10,2.95074708769507e-07,"sampling"
"SEFA.16917",3.91482606958881,0.589865699484407,0.210438302353074,2.80303391962709,0.00506243447528955,0.0456110601268806,"sampling"
"SEFA.17213",46.4707164631821,0.55828050051743,0.162549589636449,3.43452420744988,0.000593595051026948,0.011720344837298,"sampling"
"SEFA.17368",5.22876427024819,0.592992948049903,0.21462441033303,2.76293338269287,0.00572844568317084,0.0494390378294999,"sampling"
"SEFA.17420",23.3042643368669,0.531568346320056,0.170500389667677,3.11769578565854,0.0018227083773077,0.0240373927514506,"sampling"
"SEFA.17422",33.3229864626029,-0.523155044979288,0.141772206003441,-3.69011006971697,0.000224157040922381,0.0067446022961492,"sampling"
"SEFA.17441",8.69253890777104,-0.739628169948619,0.168832713539433,-4.3808344629601,1.18225666004408e-05,0.00093477800134068,"sampling"
"SEFA.17480",21.9026475766665,0.691787173815887,0.199012753817655,3.47609467506659,0.000508772644747054,0.0106540133873872,"sampling"
"SEFA.17482",46.3534384578769,0.509787236480132,0.173300372455548,2.94163958944113,0.0032647966094028,0.0348478266384147,"sampling"
"SEFA.17507",55.9729696733555,0.52017859915344,0.15219360210419,3.41787428618276,0.000631122506545317,0.0121883373881786,"sampling"
"SEFA.17590",26.6525961384912,0.606982946843849,0.211604570694847,2.8684774853903,0.00412452552565515,0.0401123188463054,"sampling"
"SEFA.17616",237.061826079114,0.502506737948088,0.157138943336364,3.19784979635791,0.00138456377130951,0.0200921564191518,"sampling"
"SEFA.17617",110.555895316174,0.540050268220496,0.160551071629313,3.36372882933716,0.000768970585320646,0.013859212072093,"sampling"
"SEFA.17664",109.090209919506,0.529808480749544,0.145911513767587,3.63102586676911,0.000282296886421728,0.00770504442939304,"sampling"
"SEFA.17665",10.2046327234053,1.12813362902551,0.27614236244201,4.0853334455789,4.40135631047571e-05,0.0022892246155253,"sampling"
"SEFA.17666",4.68258335053904,0.953059962068,0.286246159655565,3.32951178529277,0.00086998382311686,0.0151576628154115,"sampling"
"SEFA.17752",7.13826517057713,-1.21536971202823,0.434651846164272,-2.79619130288681,0.00517087827919235,0.046327706208699,"sampling"
"SEFA.17754",12.3690269567085,0.908065909580782,0.285910664346295,3.17604770586988,0.00149296397356199,0.0211437275356184,"sampling"
"SEFA.17755",2836.86915615996,-0.944516785898485,0.293140691283999,-3.22205962523102,0.0012727264640232,0.0192458945228619,"sampling"
"SEFA.60",8.98303005414929,1.28552114722571,0.353893682563754,3.63250662716795,0.00028068136503844,0.00857972995057488,"acclim"
"SEFA.74",26.8195896747595,-0.636215615474885,0.204890929319921,-3.10514290499158,0.00190187113239015,0.0278519865500856,"acclim"
"SEFA.75",53.0880353348671,-0.541680968683655,0.188187960556413,-2.87840394827635,0.00399692976428867,0.0436100653489714,"acclim"
"SEFA.104.1",559.659152292021,0.734879013707785,0.230160163358239,3.19290272906159,0.0014085038389109,0.0229951293404416,"acclim"
"SEFA.159",3897.72254264891,-0.597036338174624,0.136532148999231,-4.37286267410898,1.22627865563107e-05,0.00122850825318677,"acclim"
"SEFA.267",24.6232217402562,-0.570847947768352,0.189465452754105,-3.01293950675651,0.00258730486417714,0.0340359441497681,"acclim"
"SEFA.326",173.672030713009,0.542502982356771,0.183525163200732,2.95601416664266,0.00311642776343995,0.0376878287551256,"acclim"
"SEFA.367.1",5.28677876619814,1.32753098639244,0.398857267327541,3.32833596160169,0.000873664388382539,0.0169810650762423,"acclim"
"SEFA.467",77.3412563639215,0.636245019152054,0.168714478150819,3.77113467750701,0.000162506933560752,0.0060449836551544,"acclim"
"SEFA.496",68.6361805944961,-0.536193976626884,0.134065008302897,-3.99950727944942,6.34744955131145e-05,0.00360231370316609,"acclim"
"SEFA.509.1",2.06762331967462,-0.993984025267578,0.331472055422946,-2.99869629733731,0.00271137431226606,0.034798232794266,"acclim"
"SEFA.553",20.4546038007829,-0.803791047850815,0.229651941904313,-3.50004028350748,0.000465187853587633,0.0117174174777959,"acclim"
"SEFA.569",50.1653284725348,0.607567024490076,0.193671006592831,3.13710882789705,0.00170622782495823,0.0259101410481941,"acclim"
"SEFA.640",5.47043803313088,0.922740310986839,0.281315272911513,3.28009319023744,0.00103772802977429,0.01909939522023,"acclim"
"SEFA.671",95.9462142496026,0.734415190054272,0.18915863575476,3.8825358785439,0.0001033727579576,0.00463209622574362,"acclim"
"SEFA.744",16.6494334371357,-0.744538546248998,0.152653562603696,-4.87730868215567,1.07543071336905e-06,0.0003025573220731,"acclim"
"SEFA.832",635.228825370058,0.563004210518838,0.17563224290611,3.2055857239141,0.0013478789133759,0.0226259157339033,"acclim"
"SEFA.884.1",7.95401025125695,0.5198756653534,0.163997664503866,3.1700187129259,0.00152429120632036,0.0240181434761757,"acclim"
"SEFA.910",8.18455807289105,0.960773054223268,0.311480579315066,3.08453598081772,0.00203869948638722,0.0291299427422848,"acclim"
"SEFA.912",32.6386680086001,0.506328957007767,0.145489124349418,3.48018423557028,0.00050106908803956,0.0122461633314696,"acclim"
"SEFA.916.1",143.409838181821,0.809633247839529,0.176204610908983,4.59484711360782,4.33066670272396e-06,0.000658261338814042,"acclim"
"SEFA.980",84.9026280572968,0.615057965249609,0.197397168826122,3.11583985174268,0.00183421856336237,0.0272230149067385,"acclim"
"SEFA.1010",63.8698098268543,1.04707455345635,0.312895374155932,3.34640470886137,0.000818668125846027,0.0163659369556884,"acclim"
"SEFA.1011",27.4308523658968,-0.50365489586597,0.148906258800498,-3.38236216478152,0.000718653318815123,0.0152762777416609,"acclim"
"SEFA.1117",5.5245690308104,0.717247836116261,0.217338985966531,3.30013427147725,0.000966385803486063,0.0182043958195152,"acclim"
"SEFA.1168",3.47296136079639,-0.904628359105647,0.252088344800955,-3.58853702585865,0.000332538772048856,0.00954938701753326,"acclim"
"SEFA.1199",18.5958876629169,0.556658986197789,0.189688965517006,2.93458812788919,0.00333990694123864,0.0392333372337906,"acclim"
"SEFA.1246",6.80551672783178,-0.662560697840021,0.164524379530229,-4.02712777116589,5.64623534135649e-05,0.00337472615385755,"acclim"
"SEFA.1331",8.96574568178641,2.20487543899732,0.690312846037485,3.19402348030126,0.00140304705102464,0.0229272711804138,"acclim"
"SEFA.1332",1.14352499620248,1.59509360878215,0.547596163802671,2.91290135728005,0.0035808769795938,0.0408660342421992,"acclim"
"SEFA.1397.1",4.6027922987903,1.13637109758382,0.385418675156016,2.94840694246022,0.00319416289487454,0.0382086025525291,"acclim"
"SEFA.1425.1",47.3084141651579,-0.892206674620045,0.190236019853633,-4.68999864119584,2.73206863207801e-06,0.000492376902887186,"acclim"
"SEFA.1477",50.1459246334109,0.759229125100705,0.194823667482981,3.89700663635761,9.73889514590934e-05,0.004460161018511,"acclim"
"SEFA.1541",96.754985357107,-0.990036377449631,0.295276341294246,-3.35291467345516,0.000799653547478393,0.0161860779763998,"acclim"
"SEFA.1586",28.7846411419603,-1.23239858611141,0.432046528195146,-2.85246728230799,0.00433812779158927,0.0457749067751658,"acclim"
"SEFA.1628",367.408537216046,-1.60342251385454,0.452001751884513,-3.54738119303621,0.00038908119159134,0.0105919006955008,"acclim"
"SEFA.1871",22.9207036781097,0.681799541824289,0.240490852417228,2.83503316226529,0.00458209290089136,0.0475243894285391,"acclim"
"SEFA.1911",5.66740547705012,0.885527184555205,0.25716381254109,3.44343621213702,0.000574372069417466,0.013307921587344,"acclim"
"SEFA.1913.1",14.7040891051043,1.91886006666257,0.523160778287882,3.66782095733994,0.000244626379324708,0.00789599561765294,"acclim"
"SEFA.1915",18.5960096159752,0.559150847575547,0.166495476367842,3.35835459181006,0.000784079611659211,0.0159804654829807,"acclim"
"SEFA.1919.1",27.3101251848563,1.10003156083717,0.252488528875492,4.35675856537478,1.32002734956149e-05,0.00125809309337666,"acclim"
"SEFA.1920",34.2253603334622,0.533771303875609,0.173841236216997,3.07045276190587,0.00213734493224137,0.0300763494375736,"acclim"
"SEFA.1922",108.933238165465,0.570281625127279,0.138058039831853,4.13073824474003,3.61600127264362e-05,0.00249186338002635,"acclim"
"SEFA.1958",16.1814351934244,0.741261802901001,0.218452640288228,3.39323801224364,0.00069071594532727,0.0148702119023326,"acclim"
"SEFA.1960",40.8759904755712,0.618335456534797,0.134895261016171,4.58381897093235,4.56559548424135e-06,0.000676475458639861,"acclim"
"SEFA.2200",5.73211900235722,0.863453954304066,0.266744430505159,3.23700837040482,0.00120789868722711,0.0209457360869905,"acclim"
"SEFA.2245",55.5262539111243,0.588426839629645,0.131938512490129,4.45985655381455,8.20145263412186e-06,0.000958126569746425,"acclim"
"SEFA.2517",34.4832736180692,0.724944196793924,0.166172284354641,4.36260595206579,1.28522308551739e-05,0.00125228596812205,"acclim"
"SEFA.2518",41.0853243671723,0.693022419945084,0.198975332478625,3.48295646154797,0.000495909008256824,0.0122461633314696,"acclim"
"SEFA.2603",119.338742310813,0.801711598444007,0.18144952559419,4.41837252436265,9.94469066656852e-06,0.00105780526405661,"acclim"
"SEFA.2666",8.0627104159473,1.14828055308037,0.259210246382351,4.4299196081415,9.42682229644371e-06,0.00103513174178353,"acclim"
"SEFA.2708",52.9372386181444,-0.557337786070286,0.188530101307104,-2.95622705449256,0.00311427737255924,0.0376878287551256,"acclim"
"SEFA.2743",43.377081618316,1.04858006270242,0.218818867866274,4.79200021884417,1.65126723018311e-06,0.000373271074392161,"acclim"
"SEFA.2784",211.896268301797,-0.686457309702606,0.242888060355172,-2.82622912257939,0.00470995609712875,0.0484515437016185,"acclim"
"SEFA.2913",172.448034492693,-1.82335450839119,0.57236272676436,-3.18566255825016,0.00144422941561876,0.0233733866886127,"acclim"
"SEFA.3026",481.077996606579,1.29453504239343,0.269994911212918,4.79466459785443,1.62947226625209e-06,0.000373271074392161,"acclim"
"SEFA.3050.1",17.8448856495102,-0.765682714455828,0.177869075812158,-4.30475455589843,1.67170972221721e-05,0.00151156850369917,"acclim"
"SEFA.3207",27.729038163625,0.798578907383798,0.160363238015794,4.97981281286642,6.36458022654246e-07,0.000233792246988326,"acclim"
"SEFA.3215",14.6445434843862,0.896709754189026,0.236412308788045,3.79299097744089,0.000148843566687636,0.00580621630052302,"acclim"
"SEFA.3406",17.3642049776832,0.703773611383655,0.192234190080183,3.66102206423375,0.00025121112148639,0.00803875588756447,"acclim"
"SEFA.3408.1",10.161367249644,0.807117756459869,0.22045325448531,3.66117414934173,0.000251062026357736,0.00803875588756447,"acclim"
"SEFA.3480.1",16.4720425957431,-1.37506198640748,0.265212164406862,-5.18476212990743,2.16290740386873e-07,0.000107410380182656,"acclim"
"SEFA.3492.1",14.6304395386091,0.782895864245854,0.166714418207705,4.69602972953703,2.65266949664265e-06,0.000487206964216701,"acclim"
"SEFA.3598",65.269093868995,-0.892683076886538,0.221651217910845,-4.02742238594694,5.63916735739529e-05,0.00337472615385755,"acclim"
"SEFA.3807",250.469702542964,-0.535371722409599,0.101813794359231,-5.25834171861466,1.45360221426174e-07,9.22731383963104e-05,"acclim"
"SEFA.3834",17.6075110454142,0.576911029540058,0.135777503267451,4.24894415979701,2.14780444652508e-05,0.00175744152237077,"acclim"
"SEFA.3838",26.5415378614552,1.39679375825981,0.466850915208986,2.99194820606603,0.00277203288945374,0.0352389934440147,"acclim"
"SEFA.3839",9.6370166865782,0.665516805616815,0.161635125958031,4.11740209111241,3.83167225707831e-05,0.00260685099449552,"acclim"
"SEFA.3854",83.9986852786078,-0.648232531070313,0.186735139939983,-3.47140089047331,0.000517750414218587,0.0125054456212358,"acclim"
"SEFA.3873",9.07498497653133,0.539960592492095,0.164668101584803,3.27908433567517,0.0010414450736805,0.019147820165938,"acclim"
"SEFA.3949",139.279296251487,0.710447961928728,0.15521233297668,4.57726488806446,4.71094786093809e-06,0.00069219527236717,"acclim"
"SEFA.4093",136.415701101481,0.532794728672376,0.125409976164586,4.24842380938775,2.15279837901655e-05,0.00175744152237077,"acclim"
"SEFA.4236.1",6.96996080496206,0.993782835421995,0.332729543365828,2.98675863095618,0.00281952234644607,0.0355352523320494,"acclim"
"SEFA.4240",13.6281576724978,0.584049420268186,0.129487462456221,4.51047081462152,6.46839007235749e-06,0.000838607748204465,"acclim"
"SEFA.4314",361.084211979931,0.973095128710151,0.30312698272221,3.21018973623312,0.00132647382958855,0.0223384780929372,"acclim"
"SEFA.4325.1",6.95546280829998,0.942875329890823,0.313849089334027,3.0042315301649,0.00266252623745225,0.0344428926036376,"acclim"
"SEFA.4328",14.2683874453484,-0.831444466181397,0.291877747332926,-2.84860519097067,0.0043911334553146,0.0461134395974431,"acclim"
"SEFA.4345",396.673678369335,0.532117662283673,0.116030731166589,4.58600628414291,4.5180500748481e-06,0.000675103889150184,"acclim"
"SEFA.4365",360.632981932969,0.998085474447296,0.190394149520191,5.24220663797997,1.58667534018452e-07,9.25126435191536e-05,"acclim"
"SEFA.4522",263.609111315822,-1.6434374943833,0.472743333244348,-3.47638428469144,0.000508223491577879,0.0123770671319077,"acclim"
"SEFA.4555",467.075180862377,-1.84446887425538,0.508977675276332,-3.62386989420309,0.00029022764061247,0.00870288054299162,"acclim"
"SEFA.4702",24.6771559186969,0.617159394758508,0.165929416009541,3.71940918976669,0.000199689324523803,0.00694461966470157,"acclim"
"SEFA.4793",37.0040995807521,-0.750458509000476,0.210182922652171,-3.57050182541424,0.000356297971172749,0.0100195308257064,"acclim"
"SEFA.4808",118.733787086413,1.32299689118027,0.358125950473762,3.69422235230395,0.000220560741384809,0.00732377964613362,"acclim"
"SEFA.4810.1",7.50992870196279,0.820850972843608,0.25670224418225,3.1976774315258,0.00138539153790053,0.0228505365727429,"acclim"
"SEFA.4844",9280.5338134846,0.541895916699271,0.19073907744928,2.84103249290051,0.0044967730417575,0.0470546601022363,"acclim"
"SEFA.4845",4648.39509251587,0.550407914568048,0.182455846860141,3.01666361500575,0.00255573251214188,0.0337801166822231,"acclim"
"SEFA.4859",83.8274518692276,0.667140192536791,0.209132778471028,3.19003169859006,0.0014225718936729,0.0231177766168117,"acclim"
"SEFA.4860",83.2917242518895,0.663376216623934,0.209150396143925,3.17176648409233,0.00151514785941937,0.0239497984175009,"acclim"
"SEFA.4972",452.291496189956,-1.29766400467604,0.448533122003685,-2.89312860303187,0.00381425087526443,0.0424040803484631,"acclim"
"SEFA.5115",29.7265897892538,-0.804367897368672,0.272579843034794,-2.95094416525142,0.00316804180187345,0.0379992605786617,"acclim"
"SEFA.5174",24.7770656882947,-0.850072254966829,0.217006902830233,-3.91725905434377,8.95614890822926e-05,0.00429116352037767,"acclim"
"SEFA.5182.1",17.1130415429461,2.20353982314988,0.541457767036289,4.069643021673,4.70852277499341e-05,0.00293563523752002,"acclim"
"SEFA.5216",7.57412370219547,0.613933290008927,0.174696626751182,3.51428245310851,0.000440943681774278,0.0112351430593122,"acclim"
"SEFA.5217",8.04916659253067,-0.731869787948852,0.167691921527716,-4.36437117114129,1.27488954417342e-05,0.00125228596812205,"acclim"
"SEFA.5230",64.7773441288401,-0.517044828810933,0.101079710287965,-5.11521874506692,3.13377574252923e-07,0.000138136834730688,"acclim"
"SEFA.5245.1",2.10249175158524,1.33983009401788,0.372747943624201,3.59446676215248,0.000325056637087912,0.00942127347104525,"acclim"
"SEFA.5303",49.3299088620658,1.02249225317795,0.353470275530936,2.89272485965645,0.00381915695710633,0.0424172559014676,"acclim"
"SEFA.5403",5.80453111694869,-0.825889134247065,0.253963708687743,-3.25199666721879,0.00114597365566944,0.0203408805145487,"acclim"
"SEFA.5485",14.6597600507658,0.707296936316712,0.190935413616769,3.70437795126024,0.00021191010572713,0.0071750799703255,"acclim"
"SEFA.5492.1",13.7799889973025,0.576215295385345,0.162439746163641,3.54725557626068,0.000389266767847354,0.0105919006955008,"acclim"
"SEFA.5499.1",49.1965010097682,1.5552254035389,0.466628349447189,3.33289952353166,0.000859459745785638,0.0168971872443567,"acclim"
"SEFA.5510.1",15.1817123598387,0.682134837622549,0.167514979103697,4.07208263566858,4.65946416442789e-05,0.00292368940025596,"acclim"
"SEFA.5569",46.351418027261,0.684480376590147,0.145320694985998,4.71013696057605,2.47550381457177e-06,0.000464341311260952,"acclim"
"SEFA.5760",3.14721575656016,1.48228445266923,0.49276518141708,3.00809494779342,0.00262890989259673,0.0342777656000192,"acclim"
"SEFA.5770.1",6.76113986465253,1.07091871029857,0.337299339251649,3.17498016057362,0.00149846746052686,0.0237812585634649,"acclim"
"SEFA.5857",454.453662466304,0.520342857377342,0.164602969446939,3.16119969843604,0.001571207379803,0.0244730817320553,"acclim"
"SEFA.5870",156.676191155275,-0.61384935077787,0.210793732736336,-2.91208539651263,0.00359024466734546,0.0409199702486329,"acclim"
"SEFA.5943",2804.59346428517,0.503289588116777,0.114927663403513,4.3791857696586,1.19123553775553e-05,0.00121409624287315,"acclim"
"SEFA.5953",48.4440946077002,-1.36258587815703,0.379484100697999,-3.59062705301954,0.000329883376723273,0.00951128711655452,"acclim"
"SEFA.6035",5.17204492523897,-0.662663188650735,0.20335607378297,-3.25863484833974,0.0011194965822638,0.0200436115132633,"acclim"
"SEFA.6040.1",9.38620730010053,-0.652772538398876,0.168080045571891,-3.8837003891677,0.000102878667944458,0.00463209622574362,"acclim"
"SEFA.6180",71.471201194104,0.918729270556107,0.209430563335822,4.3867965397339,1.15032299474067e-05,0.00118611082124371,"acclim"
"SEFA.6250.1",1522.86994505193,0.940920016193124,0.246171923125975,3.82220687170576,0.000132262657021042,0.00542338411301167,"acclim"
"SEFA.6263",14.3069586847221,0.60145838065814,0.176825918364572,3.40141528018578,0.000670379040056965,0.0146651653030824,"acclim"
"SEFA.6541",8.63184263289373,-0.526750384831831,0.162000378935148,-3.25153797969015,0.00114782439015791,0.0203408805145487,"acclim"
"SEFA.6553",5.75682751907795,1.20815425659396,0.28368718513255,4.25875513562398,2.05568500592229e-05,0.00172185649030201,"acclim"
"SEFA.6629",3.75499067685262,0.712505791845474,0.229954256399227,3.09846750828775,0.00194524299036851,0.0282228107005837,"acclim"
"SEFA.6678",73.7726988600794,0.897225443335507,0.259563788442232,3.4566664661515,0.000546901300282999,0.0129342595947436,"acclim"
"SEFA.6696",24.8244168417861,0.596238935037222,0.207577886018018,2.8723624971567,0.00407415334616728,0.0441521031343709,"acclim"
"SEFA.6713",23.2740920628609,-1.48442482293966,0.449009763541851,-3.30599675880167,0.000946391824230279,0.0178659321679104,"acclim"
"SEFA.6780",46.7631367252962,0.644854800730327,0.169294436063722,3.80907261764708,0.000139488989803259,0.0055770291796169,"acclim"
"SEFA.6833",94.8030178241531,0.590229346061674,0.16093621037381,3.66747386862617,0.000244958575479591,0.00789599561765294,"acclim"
"SEFA.6870",89.7677921382962,-0.534428709236961,0.16971448497764,-3.14898701373292,0.00163837475710934,0.0251432727059897,"acclim"
"SEFA.6908",24.5568623437456,0.538620573238114,0.156725691064415,3.43670887382935,0.000588828139112968,0.0134576975541148,"acclim"
"SEFA.7006",17.6970453468893,-0.741584333857261,0.223504355680218,-3.31798604819269,0.00090669013223845,0.0173769134909004,"acclim"
"SEFA.7059",28.8866998508609,-1.16446259301397,0.387206784018242,-3.00734036973667,0.0026354449740334,0.0343152014971583,"acclim"
"SEFA.7062",8.65480890798642,0.573035119235799,0.180976379262716,3.16635309851098,0.00154363291788195,0.0241288436241972,"acclim"
"SEFA.7071.1",1424.06053868295,0.948378822700768,0.246055385400971,3.85433068719586,0.000116046658164306,0.00506468979394316,"acclim"
"SEFA.7159",4.54548621196749,-0.731865570422086,0.243124445101178,-3.01025086193005,0.00261031997205266,0.0342284161791423,"acclim"
"SEFA.7160",46.2390811818988,-0.608361564301686,0.17174919694245,-3.54215085212617,0.000396878436786391,0.0106510815790223,"acclim"
"SEFA.7168",138.827431211015,0.689521364726169,0.13116588649508,5.25686505196632,1.46531753351673e-07,9.22731383963104e-05,"acclim"
"SEFA.7183.1",120.836023431475,0.559199026449742,0.153240885916436,3.64915031067282,0.000263109128585334,0.00828629446873206,"acclim"
"SEFA.7326",70.8474221141946,0.864260845191649,0.205348963122248,4.20874219207592,2.56796181778768e-05,0.00203084703189174,"acclim"
"SEFA.7502",20.1469200873863,-1.06616952910481,0.334089244138623,-3.19127163717497,0.00141648037555172,0.0230434178631789,"acclim"
"SEFA.7553",18.6965080087505,1.07140808058287,0.372355971507444,2.87737585151486,0.00400997663610751,0.0437130839017264,"acclim"
"SEFA.7556",126.887082139163,1.15228374371462,0.349708239802593,3.29498596991903,0.000984265938516328,0.0183452188455813,"acclim"
"SEFA.7692",4.55368498235234,-1.73705499126644,0.607784932095749,-2.85800930483216,0.00426307890414767,0.0455555195381405,"acclim"
"SEFA.7694",9.78997207314833,0.718161795151502,0.216484043000912,3.31738905646952,0.000908629935774307,0.0173951824403611,"acclim"
"SEFA.7727",10.2024042206804,1.15151684631645,0.282420291391441,4.07731626025563,4.55585060539045e-05,0.00288952366454116,"acclim"
"SEFA.7813.1",7.4380621619128,0.767283712754141,0.230967906215829,3.3220360582788,0.000893631446962283,0.0172362679785524,"acclim"
"SEFA.7934",17.3147324814292,0.549995045528042,0.181666683322363,3.02749538588806,0.00246589478641698,0.032938376419776,"acclim"
"SEFA.7955",9.19023931488016,0.614849995870559,0.20625658707079,2.98099568407739,0.00287312841990785,0.0357805458595034,"acclim"
"SEFA.8100",299.913547472977,-1.05701988061921,0.272639011142091,-3.87699425768647,0.000105754853182633,0.00470876154372772,"acclim"
"SEFA.8148",52.2081979544204,0.659091763308387,0.199893640545721,3.29721226502768,0.000976496716094594,0.0182776964948831,"acclim"
"SEFA.8299",7.31421076407283,0.73283432399868,0.231013000014509,3.17226443512985,0.00151255212508536,0.023946161746182,"acclim"
"SEFA.8301",2.87286633747152,1.15605934656515,0.315851188885216,3.66013929105479,0.000252078180613945,0.00805188855178457,"acclim"
"SEFA.8404",2.79367755488039,0.922175883300431,0.311715151392941,2.95839287625117,0.0030924770627921,0.0375010698563619,"acclim"
"SEFA.8565",6.35499783986951,0.659052041347659,0.211104794209843,3.12191887358345,0.00179676443552011,0.0268479241755005,"acclim"
"SEFA.8720",1181.92751202333,-1.76534407153036,0.444514124846861,-3.97140152101698,7.14510363423266e-05,0.00382434506428714,"acclim"
"SEFA.8721",37.6027174654693,-1.61942154053211,0.423525450422684,-3.82366995635305,0.000131479887467864,0.00540385402292163,"acclim"
"SEFA.8830",75.8584308415062,0.625529236522126,0.196788260449849,3.17869183401589,0.00147941286121412,0.0236000449110344,"acclim"
"SEFA.8837",301.935742344762,0.525506156253848,0.157674783674161,3.33284843656308,0.000859617567955309,0.0168971872443567,"acclim"
"SEFA.8880",160.464774563671,-0.972530886271695,0.340407875817533,-2.85695765392042,0.00427722897406699,0.0455950293619754,"acclim"
"SEFA.8938",76.1092462506107,-0.568440488809548,0.192626486550772,-2.95099858274017,0.00316748370447922,0.0379992605786617,"acclim"
"SEFA.9015",649.493777179263,-0.650649815366679,0.21624561929942,-3.00884622529981,0.00262241811558454,0.0342761128346824,"acclim"
"SEFA.9095",413.348603378341,-1.43897444631983,0.414834381155918,-3.4687926355337,0.000522802810672504,0.0125603694706627,"acclim"
"SEFA.9198",435.751041465464,-1.83400020483153,0.549668945335268,-3.33655415754457,0.000848239004536513,0.0168287041683443,"acclim"
"SEFA.9253",12.7344907351047,0.517826305083512,0.16966414619333,3.05206678430136,0.00227271529107802,0.0312334497367791,"acclim"
"SEFA.9307",2781.25397525948,-1.44682800320256,0.40306736621244,-3.58954389386115,0.000331257051643499,0.00952809842508675,"acclim"
"SEFA.9386",32.6212471093285,-1.55012738911337,0.489390243201228,-3.16746688485979,0.00153773222205329,0.024069874435185,"acclim"
"SEFA.9416",139.129813579162,0.819074138414291,0.185498486500827,4.41553003404499,1.00762787779237e-05,0.001063861960553,"acclim"
"SEFA.9488",97.0434576634185,-0.984722447613709,0.253207834654257,-3.88898885754581,0.000100662738856543,0.00455098823466299,"acclim"
"SEFA.9508",3173.74819575901,0.684023087605136,0.139954908058253,4.88745337405693,1.02148676658975e-06,0.0003025573220731,"acclim"
"SEFA.9509",3173.74819575901,0.684023087605136,0.139954908058253,4.88745337405693,1.02148676658975e-06,0.0003025573220731,"acclim"
"SEFA.9643",167.275196084286,-1.07646317606301,0.281297765261134,-3.82677471704659,0.00012983323720573,0.00537384724502998,"acclim"
"SEFA.9653",23.5090419368373,0.58485616766387,0.168889492913514,3.46295176552734,0.000534284164168905,0.0127485935894315,"acclim"
"SEFA.9672",14.3749479305806,0.769995064041034,0.259218623097462,2.97044654755198,0.00297367149856101,0.0366655775263131,"acclim"
"SEFA.9725",5.22616890401228,1.10627093024042,0.2702878011657,4.09293695634535,4.25943557230423e-05,0.00280232716458463,"acclim"
"SEFA.9754",23.5294607307041,0.543710196840275,0.17438450904099,3.11788128332244,0.00182156160847685,0.0270807540309138,"acclim"
"SEFA.9804",133.138115919431,0.717056556367086,0.207263673301231,3.45963450780368,0.000540909044621394,0.0128362157130073,"acclim"
"SEFA.9900",11.2383058337049,0.613667099479039,0.17687279969251,3.46953912950938,0.000521352118953591,0.0125603694706627,"acclim"
"SEFA.10004.1",3.46514672256569,0.863384821319445,0.24620350207677,3.50679342103846,0.00045354109690577,0.0115062397419317,"acclim"
"SEFA.10062",46.6439611812443,-1.31020375139373,0.442164375093686,-2.96315991336056,0.00304498332764816,0.0371294232593999,"acclim"
"SEFA.10251",5.32275292254289,-0.910276059571278,0.322256969625773,-2.82469006218346,0.00473263705606637,0.0485997999840199,"acclim"
"SEFA.10474",4.37051975795402,0.857184365759758,0.302588872854605,2.8328350532957,0.00461371864606868,0.0477605329746766,"acclim"
"SEFA.10520",11.8128524859052,0.555277542836584,0.181093183417276,3.06625314304134,0.00216759713390893,0.0302845266759765,"acclim"
"SEFA.10526",9.11744714602974,0.984361234244969,0.30056868051571,3.27499602605308,0.00105663459988165,0.019306301829133,"acclim"
"SEFA.10568",21.6630897142822,0.746025323269639,0.161700708334553,4.61361815265609,3.95719140471339e-06,0.000628587377008167,"acclim"
"SEFA.10617",9.60301482617443,0.709437973708367,0.249935353077716,2.83848589234102,0.0045328123073521,0.0472172831052939,"acclim"
"SEFA.10637",189.909635858472,-1.36290830740868,0.436672804084592,-3.12112019493812,0.00180164482704495,0.0268980538445863,"acclim"
"SEFA.10645.1",296.360563694712,0.743765610362858,0.135140519620138,5.50364622286112,3.72015704434561e-08,3.64410050032787e-05,"acclim"
"SEFA.10670",8.49037589552637,1.67537263186992,0.382704507611604,4.37771857542427,1.19928065956486e-05,0.00121527106835906,"acclim"
"SEFA.10890",145.577170286464,-1.39446375756928,0.302989649242251,-4.60234783946152,4.17754747954677e-06,0.000646127343503234,"acclim"
"SEFA.11038",435.332684559408,-0.552736163941217,0.121233935410357,-4.55925283684223,5.13359358911772e-06,0.000718377160026378,"acclim"
"SEFA.11266",12.124802319256,0.636783307406714,0.148989093470253,4.27402632350303,1.91974356146999e-05,0.00163521345293907,"acclim"
"SEFA.11295",50.479517650143,-0.540177195515961,0.164364929387819,-3.28645044613753,0.00101458623452185,0.0187522656775116,"acclim"
"SEFA.11299.1",13.6065050522693,0.659761819432055,0.170965499191395,3.85903484944326,0.000113835705632753,0.00499275994242995,"acclim"
"SEFA.11301",61.6737180080307,0.577414600731516,0.136601532367886,4.22699943933616,2.36828257442873e-05,0.00190673782430719,"acclim"
"SEFA.11336",4.24836188843945,-0.853535062962976,0.242792286301175,-3.5154949770694,0.000438935062842366,0.011216381200053,"acclim"
"SEFA.11411.1",21.7745516004397,0.667140407025758,0.17184512455754,3.88221899657314,0.000103507594881068,0.00463209622574362,"acclim"
"SEFA.11511",2.46387416182484,0.879514453676397,0.305841803923177,2.8757169307611,0.00403111041028928,0.0438473403789146,"acclim"
"SEFA.11564",330.367831845482,0.520167520733197,0.127915358041214,4.06649778962118,4.77249377019324e-05,0.00296297923084674,"acclim"
"SEFA.11600.1",7.01877520208,0.939768686888205,0.328977964251729,2.85663110909492,0.00428163132561255,0.0455950293619754,"acclim"
"SEFA.11655",405.491259951277,0.603127180970621,0.154113877792323,3.91351635303973,9.09617372446105e-05,0.00432435989932806,"acclim"
"SEFA.11674",205.662443875219,-0.774484665446553,0.20844347812004,-3.71556199518287,0.000202752543972525,0.00702344372362194,"acclim"
"SEFA.11685.1",14.9159461193485,-0.769164052135176,0.201600431633404,-3.81528970897168,0.000136023252920839,0.00548824255263212,"acclim"
"SEFA.11697",107.20915111884,-0.853823429044597,0.237091498552109,-3.6012401720804,0.000316702836324624,0.00926372116511004,"acclim"
"SEFA.11779",555.251263661415,0.641812007124887,0.215629744044154,2.97645396728508,0.00291602855555312,0.0361239199629105,"acclim"
"SEFA.11780",524.608660767415,0.662067752419077,0.216575151804215,3.05698851832083,0.00223572839613793,0.0309422002203328,"acclim"
"SEFA.11963",252.685281259875,-1.30596596534524,0.461544073690868,-2.82955851843511,0.00466122748913168,0.048090557687753,"acclim"
"SEFA.12024.1",24.0805983020531,0.607719281754853,0.172235329478531,3.52842406720396,0.000418041863008097,0.010930762354818,"acclim"
"SEFA.12139",11.3469491436164,1.14393711228888,0.272504568432379,4.1978639802978,2.69444378488191e-05,0.00210075206529983,"acclim"
"SEFA.12158.1",5609.83854566561,0.542828580126662,0.10053972910295,5.39914504415285,6.69592236597744e-08,5.90312515784571e-05,"acclim"
"SEFA.12241",1527.15945688764,0.659087191283828,0.138090534047073,4.77286293251032,1.81625405851489e-06,0.000390538921460176,"acclim"
"SEFA.12289",11.7480081083711,0.55219187726932,0.175802833726371,3.14097256321125,0.0016838780645104,0.0256835104095566,"acclim"
"SEFA.12295",11.1164702600242,0.820283892645025,0.227352337378628,3.60798530643184,0.000308583961550948,0.00906825401677719,"acclim"
"SEFA.12296",14.8641046164244,0.563625124340442,0.184138999715523,3.06086774236413,0.00220696557392548,0.0306886569396326,"acclim"
"SEFA.12302",3.69188089462282,-0.900105495614914,0.296295932273365,-3.03785977994618,0.00238264794077806,0.0320693499937395,"acclim"
"SEFA.12358",3.84145206078145,1.01706217326477,0.325163760314073,3.12784601913326,0.0017609240858644,0.0265372764803087,"acclim"
"SEFA.12425",643.468752533696,-1.00882093942292,0.284016690813441,-3.55197765502299,0.000382347328391616,0.010500853729285,"acclim"
"SEFA.12492",28.5443920505249,0.594381627029565,0.20719678201852,2.86868174900727,0.00412186307885549,0.0444777783392778,"acclim"
"SEFA.12785",171.639125752481,-1.61802582065534,0.470800639446046,-3.43675365980629,0.000588730790537107,0.0134576975541148,"acclim"
"SEFA.12794.1",28.6210648075744,0.777199177383461,0.195977983483398,3.96574739452455,7.31663185011237e-05,0.00387407966309854,"acclim"
"SEFA.12832",8.7509745298284,0.552513032753665,0.195544883496667,2.82550493203306,0.00472061612587399,0.0485046057875351,"acclim"
"SEFA.12834",8.84333736774977,0.658907559941133,0.210794721736372,3.12582570622992,0.00177306603788328,0.026629216677988,"acclim"
"SEFA.12901",17.549030832377,-0.508087091062582,0.159769225132163,-3.18013115881538,0.00147208407364756,0.0235747378624467,"acclim"
"SEFA.12981.1",63.3339285860032,1.00481894486216,0.185645936564872,5.41255555308658,6.21315698049466e-08,5.76580967789905e-05,"acclim"
"SEFA.13033",99.2659423124823,0.70911534835533,0.188785079109519,3.75620441880342,0.000172509802102623,0.00629750068462411,"acclim"
"SEFA.13045.1",8.06115639442831,1.24147219744375,0.381355703138216,3.25541793980671,0.00113225611195147,0.020206416767134,"acclim"
"SEFA.13081",14.569884314048,0.956246105695204,0.169636138309934,5.63704240866467,1.72995521316723e-08,2.54188085988038e-05,"acclim"
"SEFA.13173",27.6141822673204,0.574706026042463,0.143829765371877,3.99573777066616,6.44930908588006e-05,0.00360231370316609,"acclim"
"SEFA.13292",83.4786986675213,-0.790473414165019,0.199062342571869,-3.97098418491497,7.15763311714358e-05,0.00382434506428714,"acclim"
"SEFA.13302",40.0685008346036,-0.618913215065494,0.19479220797644,-3.17729965430831,0.00148653356694551,0.0236589051462477,"acclim"
"SEFA.13339",16.1150346054531,0.566876239610698,0.1960776356034,2.89108055524139,0.0038391969829929,0.0425205535201827,"acclim"
"SEFA.13342.1",44.3300996474039,-0.689269099993141,0.225056413651389,-3.06265033202215,0.00219386248490806,0.0305788010544655,"acclim"
"SEFA.13373",372.085624842193,0.757496911084271,0.182840739669309,4.14293287400994,3.42892332544017e-05,0.00241640502516176,"acclim"
"SEFA.13391",12.8128343498437,0.680399675502309,0.203935912285521,3.33634065661625,0.000848890756767717,0.0168287041683443,"acclim"
"SEFA.13581",76.7735827757485,0.843695499504744,0.200571675616615,4.20645386199713,2.59409013055213e-05,0.00204191951704889,"acclim"
"SEFA.13619.1",6.65378950980686,0.987667614386269,0.260566014820199,3.79046981651771,0.000150362604698277,0.00583840631952787,"acclim"
"SEFA.13671",74.3729347785803,0.514291926211573,0.154423229896588,3.33040518940044,0.000867196905395251,0.0169243752221675,"acclim"
"SEFA.13714",18.1004614046449,-1.40747129157388,0.49052317780139,-2.86932678264544,0.00411346570935851,0.0444777783392778,"acclim"
"SEFA.13841",11.402205597301,0.692651946363044,0.187860118374022,3.68706222671489,0.000226857897698118,0.00746260905263659,"acclim"
"SEFA.13854",37.9546109780104,-1.70432185425735,0.579041270603177,-2.94335126144289,0.0032467979753608,0.0386285707837797,"acclim"
"SEFA.13855",46.1382752874285,-1.58039509646571,0.546769980939578,-2.8904203807055,0.00384726973059349,0.0425832139923568,"acclim"
"SEFA.14072",6.79500909389864,0.827186619778961,0.233884125039618,3.53673691892874,0.000405102976618478,0.0108060146501316,"acclim"
"SEFA.14095",8.20175188105088,-0.970603457696889,0.256805548346883,-3.77952682075948,0.00015712666858148,0.0058945902562312,"acclim"
"SEFA.14151",27.5351498966218,-1.50406836177205,0.473629970098752,-3.17561906282757,0.00149517150385833,0.0237503278883154,"acclim"
"SEFA.14160",61.6292891647216,0.613942202734851,0.179780451961617,3.41495527481445,0.000637924853720083,0.0142198369415834,"acclim"
"SEFA.14211",110.359237239502,0.707807705198113,0.225551872222783,3.13811496319124,0.00170038171400545,0.0258458020528828,"acclim"
"SEFA.14266",14.8551536392931,0.626090640906052,0.17813097068263,3.51477701214314,0.000440123381101093,0.0112304709921483,"acclim"
"SEFA.14301",63.8665825793556,-0.70352668050092,0.158712752651051,-4.4327041699523,9.30585100952323e-06,0.0010319544968548,"acclim"
"SEFA.14328",8.64997203788711,-1.20975172369881,0.314720349716925,-3.8438941898321,0.000121097234527078,0.00516994295201317,"acclim"
"SEFA.14335",8.84348739747235,0.779327073601984,0.223955947298748,3.47982307682321,0.000501745004079732,0.0122461633314696,"acclim"
"SEFA.14396",39.4387632161305,0.546221737918479,0.184186092135769,2.96559708490824,0.00302095979022382,0.0370156796533887,"acclim"
"SEFA.14424",4.52482793008811,1.7669304931579,0.553013463864026,3.19509489120205,0.00139784872554939,0.0229272711804138,"acclim"
"SEFA.14562",31.9472325617391,1.25953421633501,0.406105408641018,3.10149579280387,0.00192545608463691,0.0280500605572916,"acclim"
"SEFA.14587",33.6451374448575,-0.922963354274315,0.240853818185945,-3.83204784223834,0.000127081017957767,0.00532230999674904,"acclim"
"SEFA.14608",41.0552770204358,0.635561269555506,0.162034307449546,3.92238705221982,8.76759974747406e-05,0.00425844552959351,"acclim"
"SEFA.14653",252.644154347644,-0.917211892201432,0.232629370251959,-3.9428034869716,8.05346422524806e-05,0.00405710517770211,"acclim"
"SEFA.14716",16.7836211841513,-1.41922427528073,0.47941425132265,-2.96032975942047,0.00307309911899601,0.0373502744485678,"acclim"
"SEFA.14720",5.61226997508021,0.602942252872685,0.213082440947737,2.82961960727946,0.00466033768081549,0.048090557687753,"acclim"
"SEFA.14751",37.1125121812063,-0.50790669436277,0.144812002652607,-3.50735218807241,0.000452589713752634,0.0115062397419317,"acclim"
"SEFA.14803",56.057529353434,-0.695137469180524,0.217565017571525,-3.1950792316692,0.00139792457520159,0.0229272711804138,"acclim"
"SEFA.14833",337.139062177375,1.62615220985284,0.348467691456783,4.66657957027422,3.06255078415527e-06,0.000534642528972532,"acclim"
"SEFA.14888",154.55999206004,0.566261026554219,0.116902793450707,4.84386223664524,1.27339240293535e-06,0.000311970057265665,"acclim"
"SEFA.15002",38.5831995007929,-0.547793218137343,0.14785695134392,-3.70488646734748,0.000211485436315192,0.0071750799703255,"acclim"
"SEFA.15024",155.361587856478,0.693556189824908,0.171627360095612,4.04105842703945,5.32104979983402e-05,0.00324639273600946,"acclim"
"SEFA.15027",122.669681259757,1.03955284521563,0.318720867215303,3.26164036355168,0.00110769577489389,0.0199294815336011,"acclim"
"SEFA.15028",116.705409247933,1.04594717655562,0.313868596553868,3.33243652929805,0.000860891048831276,0.0169033752483219,"acclim"
"SEFA.15120",4.38209627808988,0.90073596600432,0.29157417060053,3.08921727925746,0.00200684610426924,0.028838825577537,"acclim"
"SEFA.15260",2.22596288478191,1.74725948791849,0.454911589853221,3.84087705587419,0.000122595507164965,0.00518817317259649,"acclim"
"SEFA.15295",5.73731730609433,1.04019430739698,0.308704902867854,3.36954255579884,0.000752930638457766,0.0156368351204798,"acclim"
"SEFA.15376.1",13.8739534961933,-1.18375072724026,0.255249723690132,-4.63761805547462,3.52447307394909e-06,0.00058533847146719,"acclim"
"SEFA.15460",7.58437096570918,-0.617727244893453,0.179697274955316,-3.43759940181096,0.000586895262733099,0.0134576975541148,"acclim"
"SEFA.15464",29.1705023049552,-1.24681382935758,0.441840366015557,-2.82186492058464,0.00477452830020753,0.0489237901757082,"acclim"
"SEFA.15509",19.4254087413841,0.757625066841043,0.235840807205434,3.21244264645472,0.00131611423744501,0.0222304103683534,"acclim"
"SEFA.15579.1",8.35660990490445,0.810696481723596,0.286369997097372,2.83094070587269,0.0046411324013798,0.0479674364015994,"acclim"
"SEFA.15621.1",5.88296268332442,2.54834871690744,0.491752008068046,5.18218263494069,2.1930431525497e-07,0.000107410380182656,"acclim"
"SEFA.15622",37.5003678257278,0.738825308940088,0.242306597389005,3.04913410076887,0.00229502012132895,0.0314421809661948,"acclim"
"SEFA.15633",103.710403312682,0.58175855334922,0.20182060110151,2.88255287207579,0.00394466929711257,0.0432539857255528,"acclim"
"SEFA.15647",3.06248343399701,1.29322750544865,0.434754449583543,2.97461591638096,0.00293355597807651,0.0362976693216019,"acclim"
"SEFA.15666",9.54215772212673,0.545628908324418,0.188420942943393,2.89579756793988,0.00378196278105726,0.0421974769390363,"acclim"
"SEFA.15674",44.7537572335295,0.666950641544771,0.188778877067164,3.53297281934506,0.000410914716084828,0.0108551811340469,"acclim"
"SEFA.15675",23.2270862993549,0.579705354158186,0.178287075837852,3.25152763560616,0.00114786615880081,0.0203408805145487,"acclim"
"SEFA.15681.1",3.69231839805364,1.32658153880721,0.33784733401425,3.92657098413348,8.61654712215627e-05,0.00420850301545317,"acclim"
"SEFA.15698",90.9745906331705,0.81608303779381,0.123327003285648,6.61722912299757,3.65994009911857e-11,3.22660319138294e-07,"acclim"
"SEFA.15699",37.3619082677854,0.634673668434701,0.154172026268478,4.11665905804123,3.84404071329875e-05,0.00260685099449552,"acclim"
"SEFA.15701.1",368.884566400832,0.743800067516668,0.182153145221396,4.08337757008052,4.43858183143e-05,0.00285593513714168,"acclim"
"SEFA.15703.1",86.3572623328558,0.979170148341208,0.189582952591498,5.16486390235236,2.40613930676118e-07,0.000114662292585982,"acclim"
"SEFA.15744",582.545275169822,0.588184807792038,0.183827414129589,3.19965773645381,0.00137590874279447,0.0228007734520226,"acclim"
"SEFA.15745",472.310768293899,0.754723537062118,0.252852990844349,2.98483136205697,0.00283734701182107,0.0355990456961569,"acclim"
"SEFA.15751",37.3627708702705,0.757933108908634,0.219503589686111,3.45294174911888,0.000554508730435273,0.012984193804827,"acclim"
"SEFA.15752",48.596291193798,0.690927741968402,0.207271246232602,3.33344713522414,0.000857769704433686,0.0168971872443567,"acclim"
"SEFA.15790",8.45402505151739,0.907985049096597,0.228425100449639,3.97497931404776,7.03853735943667e-05,0.00380394043461149,"acclim"
"SEFA.15807",2850.40523611338,0.566154417105637,0.187865776211569,3.01361125225943,0.00258158368979547,0.0340104685706679,"acclim"
"SEFA.15810",25.6725453224989,-0.978499763382541,0.314647483090209,-3.10982866849123,0.00187195892241145,0.0276204014392959,"acclim"
"SEFA.15852",12.9664152001719,-0.902195780531844,0.291472458399223,-3.09530370549154,0.0019661146449591,0.0284151913278023,"acclim"
"SEFA.15905",27.7498359449526,0.709594544089509,0.158939320911245,4.46456257659337,8.02324975262197e-06,0.000955850943501558,"acclim"
"SEFA.15923",7.54456252304793,0.54728113457868,0.165982341936316,3.29722504330407,0.000976452287420599,0.0182776964948831,"acclim"
"SEFA.15931",3.0681787514664,-0.940134743363155,0.248508004880512,-3.7831165391038,0.000154876853590208,0.0058945902562312,"acclim"
"SEFA.15938",11.5937960321858,0.539936959619794,0.180477904222771,2.991706724128,0.00277422636557577,0.03524146922034,"acclim"
"SEFA.15961",36.8752950535468,0.506470984891151,0.119760991783003,4.22901461778836,2.34717096699791e-05,0.00189840910505078,"acclim"
"SEFA.15982",341.079242678208,0.525305345787488,0.125626114209365,4.1814980037672,2.89594794226419e-05,0.00218210915034197,"acclim"
"SEFA.16021",6.82003634909473,0.874105336048938,0.282616114544533,3.0929069188346,0.00198206292652134,0.0286222223754498,"acclim"
"SEFA.16028",83.7703494270801,0.609688825155907,0.158264933167271,3.85233047494812,0.000116998973799221,0.00508109829070904,"acclim"
"SEFA.16065",3.57709695440355,0.896644233420262,0.295116948332837,3.03826750203791,0.00237942633747578,0.0320693499937395,"acclim"
"SEFA.16076",8.46853288590315,-0.667652499978643,0.221208694354399,-3.01820189268418,0.00254279439316657,0.0336595726278626,"acclim"
"SEFA.16116.1",37.7707623909055,0.614448106548677,0.200347164103909,3.06691691542984,0.00216278963854966,0.0302582025755584,"acclim"
"SEFA.16150",5.58480428865514,1.18423538425243,0.272196304689368,4.35066664701377,1.35724258309735e-05,0.00128660759275121,"acclim"
"SEFA.16151",14.3670673890925,0.527160122416506,0.154735612922835,3.40684418059206,0.000657186336337764,0.0145025149966301,"acclim"
"SEFA.16221.1",8.29160562527975,1.40319617348546,0.417154843235964,3.36372979059898,0.00076896790719267,0.015839301564978,"acclim"
"SEFA.16239.1",5.38321071963756,-0.66396071552515,0.200488069086558,-3.31172183237744,0.000927236935008355,0.0176365066214318,"acclim"
"SEFA.16324",17.4335804203975,0.531931953188848,0.179942792656204,2.95611702662162,0.0031153886006485,0.0376878287551256,"acclim"
"SEFA.16403",19.4297122411837,0.571591020359134,0.159405139682089,3.58577534889458,0.000336078185537669,0.00960046631575483,"acclim"
"SEFA.16418",5.42176567246659,0.909909590620553,0.301689550755111,3.0160460922266,0.00256094327585844,0.0338067547605541,"acclim"
"SEFA.16423",364.98975039922,0.631364818349432,0.210019458173193,3.0062205847078,0.00264517033159133,0.0343443617721784,"acclim"
"SEFA.16433.1",33.1020493598624,-0.536654533105941,0.1343402343252,-3.99474167811001,6.47648278076027e-05,0.00360231370316609,"acclim"
"SEFA.16521",27.252546760574,-0.56332001540247,0.171930285438505,-3.27644436793513,0.00105123020362048,0.0192274802388343,"acclim"
"SEFA.16532.1",13.7635873895114,0.893714482831349,0.300276549234822,2.97630462688063,0.00291744907141473,0.0361239199629105,"acclim"
"SEFA.16542",60.7227834635748,0.839431883018551,0.262771931308936,3.19452644290096,0.00140060453591254,0.0229272711804138,"acclim"
"SEFA.16613",6.95147144561427,0.762412508845351,0.21384597697985,3.56524129942922,0.000363521580444424,0.0101257701522845,"acclim"
"SEFA.16617",1165.97662558528,-1.49207728099557,0.43490264549192,-3.43083054670288,0.000601736361080561,0.0136372950110186,"acclim"
"SEFA.16661",11.8762999666564,0.862930186848784,0.224533132912485,3.8432198208588,0.000121430612319905,0.00517165351793373,"acclim"
"SEFA.16705",293.337521814709,0.926736282662692,0.208353483855446,4.44790394436436,8.67122878912414e-06,0.000986394232321528,"acclim"
"SEFA.16717",35.1225979143468,0.731835758843399,0.244869931415474,2.98867139224899,0.00280193301517475,0.0354656733119606,"acclim"
"SEFA.16807",30.6971346942909,0.562146652447915,0.173139391587048,3.24678657638281,0.00116715877616963,0.0205999434849079,"acclim"
"SEFA.16829",76.8135848293832,0.597028590528772,0.133367069088416,4.47658177246867,7.58476250620171e-06,0.000917983039026992,"acclim"
"SEFA.16902",8.60832396423349,-1.49178532800438,0.419321729275971,-3.55761512903277,0.0003742370942717,0.0103425524235088,"acclim"
"SEFA.16906",894.20946038157,-1.8122365299397,0.452969869890667,-4.00078824310571,6.31318344425881e-05,0.00360231370316609,"acclim"
"SEFA.17034",4.81926606408642,1.16054733455436,0.367153845674535,3.1609292622884,0.00157266686003608,0.0244741942419736,"acclim"
"SEFA.17166",11.558906803058,0.551486880072114,0.180491905282726,3.0554660011387,0.00224711078365825,0.0309907818313293,"acclim"
"SEFA.17198",98.3354555329392,0.791963510371219,0.258776607517798,3.06041383712301,0.00221031348353372,0.030710990812976,"acclim"
"SEFA.17212",27.5534266497023,0.699409903778156,0.164628685305196,4.2484084865378,2.15294560363025e-05,0.00175744152237077,"acclim"
"SEFA.17213.1",46.4707164631821,0.703505436185796,0.179894770132987,3.91064974076641,9.20481735345712e-05,0.00434351690968707,"acclim"
"SEFA.17230",211.304163453704,1.01965400960138,0.194678550930033,5.23762892588946,1.62652674063848e-07,9.25126435191536e-05,"acclim"
"SEFA.17256",14.6880279916168,0.561249308193365,0.118614068306722,4.73172631379645,2.22618434068919e-06,0.000446046389716271,"acclim"
"SEFA.17278",3.93482983231728,1.49632531251489,0.424752129007821,3.52282004097345,0.000426981176163401,0.0110440386562278,"acclim"
"SEFA.17293",7.76275819346398,0.797877392861683,0.275145222413784,2.89984098528804,0.00373352011777366,0.0419562949117815,"acclim"
"SEFA.17397",30.5702809547297,-0.611028460842047,0.182695013707959,-3.34452729957254,0.000824229175177289,0.0164398289781968,"acclim"
"SEFA.17404",41.8371171870852,0.633079561782701,0.155069398035022,4.08255638962191,4.45429992464816e-05,0.00285593513714168,"acclim"
"SEFA.17420.1",23.3042643368669,0.60529631040162,0.190014771518845,3.18552239682896,0.00144492919070938,0.0233733866886127,"acclim"
"SEFA.17422.1",33.3229864626029,-0.59575846323898,0.157607509763745,-3.78001317406784,0.000156820060975902,0.0058945902562312,"acclim"
"SEFA.17440",7.05470045090133,0.909161425137808,0.31198945110887,2.91407745328079,0.00356741385306773,0.0407915960164009,"acclim"
"SEFA.17447",17.5336635682864,0.650335314591393,0.165387734155483,3.93218588979521,8.41769321552566e-05,0.00414583147419409,"acclim"
"SEFA.17448",27.5145542694327,0.504391888253455,0.142982122281012,3.52765702597517,0.000419255005910408,0.010930762354818,"acclim"
"SEFA.17496",22.4160265612335,0.821439725341546,0.245769413140745,3.34231878102394,0.00083081585323113,0.0165524803662952,"acclim"
"SEFA.17514",38.482983217698,-0.733835035358337,0.18445676467688,-3.97835794552627,6.93928504860954e-05,0.00377634178941616,"acclim"
"SEFA.17538",8.22133256320544,0.651802339368499,0.227621268615492,2.86353882189082,0.00418937472972154,0.0449860263303595,"acclim"
"SEFA.17539",14.2517460301226,0.62955419223965,0.193954777623091,3.2458813335501,0.00117087634580374,0.0206347661040857,"acclim"
"SEFA.17590.1",26.6525961384912,0.757452827746886,0.23374903799501,3.24045324097999,0.00119339843074802,0.0208543123200685,"acclim"
"SEFA.17592",168.668840986761,-0.74517558846788,0.228251500278765,-3.26471277322511,0.0010957512951371,0.0198360234454387,"acclim"
"SEFA.17709",3.75124701266387,1.86374065158849,0.42642886535947,4.37057807992758,1.23918032783537e-05,0.00123441963505047,"acclim"
"SEFA.17754.1",12.3690269567085,1.19566955144203,0.327324788830499,3.65285365558179,0.000259342050442711,0.00821399478054666,"acclim"
"SEFA.17763",529.930599281467,0.547615778562134,0.126671816670982,4.32310669376847,1.53847284464199e-05,0.0014128308956629,"acclim"
